flight_id,aircraft_id,reg,equip,callsign,flight,schd_from,schd_to,real_to,reserved
498352489,4704653,LNLNR,B789,NAX7005,DY7005,ARN,JFK,JFK,
498366723,7867460,B5947,333,CCA912,CA912,ARN,PEK,PEK,
498362823,7867262,B5936,332,CES289,MU289,PVG,ARN,ARN,
498382645,8933746,HSTKR,773,THA960,TG960,BKK,ARN,ARN,
498387466,8390460,VTANV,788,AIC168,AI168,ARN,DEL,DEL,
498392775,4901218,SERKB,A21N,NVR248,N9248,CHQ,ARN,ARN,
498396423,262213,ETAOO,788,ETH715,ET715,ARN,ADD,ADD,
498399418,4687885,LNRKT,A333,SAS904,SK904,EWR,ARN,ARN,
498399532,5254325,YLPSC,B738,PRW610,6F610,CHQ,ARN,ARN,
498401574,434366,A7BCZ,B788,QTR172,QR172,ARN,DOH,DOH,
498402718,4882875,SEDZV,B738,BLX446,6B446,HER,ARN,ARN,
498406481,262440,ETATL,788,ETH714,ET714,ADD,ARN,ARN,
498408521,4196183,GOBYH,B763,TOM3523,BY3523,LCA,ARN,ARN,
498409664,10528990,N14106,B752,UAL68,UA68,EWR,ARN,ARN,
498409645,4687956,LNRKS,A333,SAS940,SK940,LAX,ARN,ARN,
498412016,4222158,GEZOB,A320,EZY2451,U22451,LTN,ARN,ARN,
498412392,4575335,OYTCG,A321,VKG1635,DK1635,LCA,ARN,ARN,
498412457,4577640,OYVKH,A333,VKG1753,DK1753,PMI,ARN,ARN,
498416930,5258412,LYSPF,320,LLC83PY,S51052,CHQ,ARN,ARN,
498418822,4805073,CSTNQ,A320,TAP782W,TP782,LIS,ARN,ARN,
498419033,4901205,SERJU,B737,SAS9250,SK9250,KRN,ARN,ARN,
498423151,434360,A7BCT,B788,QTR169,QR169,DOH,ARN,ARN,
498424480,4952172,TCDCL,320,PGT2CR,PC1283,ARN,SAW,SAW,
498427771,3145928,IBIKD,A320,AZA128,AZ128,LIN,ARN,ARN,
498430938,4689868,LNLNL,B789,NAX7068,DY7068,OAK,ARN,ARN,
498438164,3934693,DASTK,A319,GMI3134,ST3134,ARN,BEY,BEY,
498439051,4222158,GEZOB,A320,EZY89FE,U22452,ARN,LTN,LTN,
498440841,4702658,LNRKU,A333,SAS964,SK964,HKG,ARN,ARN,
498445647,4704653,LNLNR,B789,NAX7006,DY7006,JFK,ARN,ARN,
498446623,5258412,LYSPF,A320,LLC83PY,,ARN,,,
498448267,4689218,LNRKR,A333,SAS946,SK946,ORD,ARN,ARN,
498453107,5276274,URGBA,B733,AUI174,PS174,ARN,KBP,KBP,
498453278,4914042,,,,,ARN,,,
498457383,4901348,SEROD,A20N,SAS7827,SK7827,ARN,CHQ,CHQ,
498458162,3958277,DAIPE,A320,DLH5LX,LH2421,ARN,MUC,MUC,
498458627,4901349,SEROE,A20N,SAS7611,SK7611,ARN,AOK,AOK,
498458808,4887032,SEDOX,A20N,SAS7647,SK7647,ARN,LCA,LCA,
498459013,7785895,9VSMG,A359,SIA362,SQ362,DME,ARN,ARN,
498459340,4687776,LNNIB,B738,NAX21U,DY4221,ARN,AGP,AGP,
498459406,4958505,TCJII,A343,THY9WB,TK1793,IST,ARN,ARN,
498459407,4700938,LNRGL,A20N,SAS7843,SK7843,ARN,PMI,PMI,
498459507,7546178,EPIJB,332,IRA713,IR713,IKA,ARN,ARN,
498459844,5023865,EIFPM,CRJ9,SAS1783,SK1783,TLL,ARN,ARN,
498460008,4887034,SEDOZ,A20N,SAS1803,SK1803,ARN,AGP,AGP,
498460082,4736345,PHBGB,B738,KLM74R,KL1104,ARN,AMS,AMS,
498460279,4901346,SEROB,A20N,SAS7619,SK7619,ARN,AYT,AYT,
498460253,5312738,ESACK,CRJ9,LOT21A,LO8121,TLL,ARN,ARN,
498460373,5023168,EIFHX,B738,IBK5350,D85350,ALC,ARN,ARN,
498460465,4851109,YRAME,B735,BMS4H,0B147,OTP,ARN,ARN,
498460855,4566088,OYKBH,A321,SAS1415,SK1415,ARN,CPH,CPH,
498460873,3753205,FGRHV,A319,AFR47SD,AF1463,ARN,CDG,CDG,
498461062,5022548,EIFHD,B738,IBK6RE,D86650,PMI,ARN,ARN,
498461055,4901043,SERES,B737,SAS7853,SK7853,ARN,KVA,KVA,
498461211,4694068,LNNHB,B738,NAX3AQ,DY4333,ARN,DBV,DBV,
498461570,4691186,LNNIG,B738,NAX4257,DY4257,ARN,BIO,BIO,
498461612,5046486,LXLQB,DH8D,LGL5787,LG5787,LUX,ARN,ARN,
498461643,4981220,YUAPE,A319,ASL70E,JU410,BEG,ARN,ARN,
498461788,3951052,DABNL,A320,EWG4XF,EW7214,HAM,ARN,ARN,
498461884,4701841,LNRGE,B738,SAS1831,SK1831,ARN,SPU,SPU,
498462572,4458537,OELWM,E195,AUA318B,OS318,ARN,VIE,VIE,
498462644,4196183,GOBYH,B763,TOM3610,BY3610,ARN,PMI,PMI,
498462629,9003388,A6EGD,B77W,UAE157,EK157,DXB,ARN,ARN,
498462829,4687513,LNRNU,B737,SAS7637,SK7637,ARN,SMI,SMI,
498463000,5024927,EIFPS,CRJ9,SAS1741,SK1741,VNO,ARN,ARN,
498463313,4920860,HBIJS,A320,SWR121X,LX1248,ZRH,ARN,ARN,
498463261,4690886,LNNIJ,B738,NAX4100,DY4100,SFT,ARN,ARN,
498463324,5023328,EIFPF,CRJ9,SAS43F,SK703,HEL,ARN,ARN,
498463340,4735333,PHBXM,B738,KLM37N,KL1105,AMS,ARN,ARN,
498463436,4686702,LNRRY,B736,SAS7603,SK7603,ARN,KVA,KVA,
498463906,4458540,OELWP,E195,AUA133Y,OS311,VIE,ARN,ARN,
498464002,3958617,DAIZY,A320,DLH1JT,LH809,ARN,FRA,FRA,
498464039,4701883,LNRGC,B738,SAS7889,SK7889,ARN,CFU,CFU,
498464585,4686728,LNRKK,A321,SAS402,SK402,CPH,ARN,ARN,
498464766,4693735,LNNHE,B738,NAX5AC,DY4251,ARN,BCN,BCN,
498464798,4701428,LNRGI,B738,SAS1049,SK1049,KRN,ARN,ARN,
498464758,4595566,OHLXM,A320,FIN1NX,AY801,HEL,ARN,ARN,
498465273,4222681,GFBXA,AT76,SAS45J,SK4231,TKU,ARN,ARN,
498465293,5258412,LYSPF,A320,LLC1061,S51061,ARN,TIA,TIA,
498465350,4691307,LNNIE,B738,NAX4349,DY4349,ARN,ZAG,ZAG,
498465332,4701602,LNRGH,B738,SAS7881,SK7881,ARN,SZG,SZG,
498465510,3951051,DABNK,A320,EWG2HA,EW9216,DUS,ARN,ARN,
498465445,5254248,YLBAE,DH8D,BTI1M1,BT101,RIX,ARN,ARN,
498465556,4700685,LNRGO,A20N,SAS23G,SK1841,ARN,FCO,FCO,
498465850,5022982,EIFHM,B738,IBK6090,D86090,MAD,ARN,ARN,
498465958,4805073,CSTNQ,32S,TAP781A,TP781,ARN,LIS,LIS,
498465960,4693839,LNNHC,B738,NAX32I,DY4032,LLA,ARN,ARN,
498466361,4693485,LNNHF,B738,NAX1KB,DY4321,ARN,NCE,NCE,
498466342,4218744,GECOO,DH8D,SAS4221,SK4221,VAA,ARN,ARN,
498466410,4958923,TCJVK,B738,THY1792,TK1792,ARN,IST,IST,
498466586,3958209,DAINA,A20N,DLH9VV,LH800,FRA,ARN,ARN,
498466514,4686701,LNRRX,B736,SAS130,SK130,MMX,ARN,ARN,
498466715,4914046,,,,,ARN,,,
498466998,4577640,OYVKH,A333,VKG1748,DK1748,ARN,PMI,PMI,
498467097,4901218,SERKB,A21N,NVR245,N9245,ARN,CHQ,CHQ,
498467360,4198635,GEZBW,A319,EZY323T,U25887,TXL,ARN,ARN,
498467506,262440,ETATL,B788,ETH714,ET714,ARN,OSL,OSL,
498467749,5023931,EIFPP,CRJ9,SAS1567,SK1567,RIX,ARN,ARN,
498467820,4693312,LNNHG,B738,NAX37Y,DY4337,ARN,SPU,SPU,
498468009,4686016,LNRPK,B737,SAS027,SK27,UME,ARN,ARN,
498468166,4686861,LNRRW,B738,SAS96J,SK482,OSL,ARN,ARN,
498468160,4686743,LNRRP,B736,SAS001,SK1,LLA,ARN,ARN,
498468209,4685986,LNRPG,B736,SAS2739,SK2739,ARN,JMK,JMK,
498468383,4219471,GEUYH,A320,BAW771C,BA771,ARN,LHR,LHR,
498468488,5025740,EISIG,A20N,SAS1530,SK1530,LHR,ARN,ARN,
498468634,7866639,B5906,333,CCA911,CA911,PEK,ARN,ARN,
498468853,4901205,SERJU,B737,SAS7837,SK7837,ARN,SMI,SMI,
498469131,4691068,LNNIH,B738,NAX1BY,DY4201,ARN,ALC,ALC,
498469046,4691335,LNNIC,B738,NAX22S,DY4022,MMX,ARN,ARN,
498469105,4575335,OYTCG,A321,VKG1662,DK1662,ARN,CHQ,CHQ,
498469225,4693805,LNNHD,B738,NAX2EF,DY4002,UME,ARN,ARN,
498469325,5023449,EIFPG,CRJ9,SAS2547,SK2547,ARN,MAN,MAN,
498469297,4566096,OYKBP,A319,SAS54C,SK1417,ARN,CPH,CPH,
498469273,4882875,SEDZV,B738,BLX34D,6B393,ARN,RHO,RHO,
498469507,5023843,EIFPI,CRJ9,SAS075,SK75,OSD,ARN,ARN,
498469698,4901203,SERJS,B737,SAS32J,SK140,GOT,ARN,ARN,
498470446,5023661,EIFVO,B738,IBK9HW,D82849,ARN,LGW,LGW,
498470679,5023018,EIFHV,B738,IBK9RU,D85550,BCN,ARN,ARN,
498470700,5312738,ESACK,CRJ9,LOT456,LO456,ARN,WAW,WAW,
498470676,4196533,GEUPU,A319,BAW776F,BA776,LHR,ARN,ARN,
498470906,4687791,LNRGA,B738,SAS847,SK847,ARN,OSL,OSL,
498470961,5312755,ESACM,CRJ9,LOT453,LO453,WAW,ARN,ARN,
498471273,4691315,LNNID,B738,NAX72E,DY4072,GOT,ARN,ARN,
498471597,5023865,EIFPM,CRJ9,SAS589,SK589,ARN,BRU,BRU,
498472042,4700701,LNRGN,A20N,SAS46M,SK1416,CPH,ARN,ARN,
498473015,5254325,YLPSC,B738,PRW771,6F771,ARN,PMI,PMI,
498473347,4595566,OHLXM,A320,FIN7KF,AY802,ARN,HEL,HEL,
498473707,4901042,SERER,B737,SAS52H,SK525,ARN,LHR,LHR,
498473877,4687795,LNNGD,B738,NAX806,DY806,OSL,ARN,ARN,
498473841,5276167,URPSD,738,AUI171,PS171,KBP,ARN,ARN,
498474017,4685947,LNTUF,B737,SAS1042,SK1042,ARN,KRN,KRN,
498474106,3416198,ECISY,B752,VLG12ST,VY1263,BCN,ARN,ARN,
498474500,4690886,LNNIJ,B738,NAX4327,DY4327,ARN,BIA,BIA,
498474848,4222681,GFBXA,AT76,SAS51T,SK748,ARN,TLL,TLL,
498474970,5023328,EIFPF,CRJ9,SAS44K,SK704,ARN,HEL,HEL,
498475359,5023053,EIFHW,B738,IBK1NH,D81000,FCO,ARN,ARN,
498475416,3958277,DAIPE,A320,DLH5EP,LH2414,MUC,ARN,ARN,
498475700,10528990,N14106,B752,UAL69,UA69,ARN,EWR,EWR,
498476046,5024948,EISIA,A20N,SZS9160,,ARN,CPH,CPH,
498476119,4686728,LNRKK,A321,SAS635,SK635,ARN,FRA,FRA,
498476489,5254248,YLBAE,DH8D,BTI1M2,BT102,ARN,RIX,RIX,
498476495,4914060,,,,,ARN,,,
498476789,4693839,LNNHC,B738,NAX4153,DY4153,ARN,CPH,CPH,
498477080,434360,A7BCT,B788,QTR170,QR170,ARN,DOH,DOH,
498477351,4737739,PHEZA,E190,KLM23C,KL1107,AMS,ARN,ARN,
498477479,4914006,,,,,ARN,,,
498477634,5024969,EIFPU,CRJ9,SAS97P,SK1767,ARN,PRG,PRG,
498477576,4344094,VQBCM,320,AFL2210,SU2210,SVO,ARN,ARN,
498477709,4222832,GFBXC,AT76,SAS86,SK86,VBY,ARN,ARN,
498477890,4686861,LNRRW,B738,SAS483,SK483,ARN,OSL,OSL,
498478130,5023843,EIFPI,CRJ9,SAS072,SK72,ARN,OSD,OSD,
498478369,4887033,SEDOY,A20N,SAS7847,SK7847,ARN,JTR,JTR,
498478695,3753708,FGRXM,A319,AFR26RH,AF1262,CDG,ARN,ARN,
498478697,4566096,OYKBP,A319,SAS58E,SK1418,CPH,ARN,ARN,
498478767,5023931,EIFPP,CRJ9,SAS151,SK151,ARN,GOT,GOT,
498478772,4735333,PHBXM,B738,KLM62Y,KL1106,ARN,AMS,AMS,
498478905,4691315,LNNID,B738,NAX37B,DY4037,ARN,LLA,LLA,
498479278,3146931,INDOF,B763,NOS618,NO6618,MXP,ARN,ARN,
498479352,4901345,SEROA,A20N,SAS024,SK24,ARN,UME,UME,
498479735,4198635,GEZBW,A319,EZY12JA,U25888,ARN,TXL,TXL,
498480209,4691335,LNNIC,B738,NAX4283,DY4283,ARN,HEL,HEL,
498480342,4701428,LNRGI,B738,SAS87A,SK689,ARN,LIN,LIN,
498480668,5030512,TFISF,752,ICE306,FI306,KEF,ARN,ARN,
498480672,3416594,ECJFX,A346,IBE2886,IB2886,MAD,ARN,ARN,
498481023,4693805,LNNHD,B738,NAX65Q,DY4365,ARN,VCE,VCE,
498481501,4920860,HBIJS,A320,SWR1249,LX1249,ARN,ZRH,ZRH,
498481733,4687795,LNNGD,B738,NAX807,DY807,ARN,OSL,OSL,
498481784,4981220,YUAPE,A319,ASL23U,JU411,ARN,BEG,BEG,
498481874,4851109,YRAME,B735,BMS4M,0B148,ARN,OTP,OTP,
498481860,3951051,DABNK,A320,EWG9217,EW9217,ARN,DUS,DUS,
498482081,4687791,LNRGA,B738,SAS864,SK864,OSL,ARN,ARN,
498482388,4458540,OELWP,E195,AUA312N,OS312,ARN,VIE,VIE,
498482514,4687885,LNRKT,A333,SAS939,SK939,ARN,LAX,LAX,
498482629,4951570,TCCPR,738,PGT71C,PC1279,SAW,ARN,ARN,
498482824,3416208,ECILR,A320,IBE33TR,IB3314,MAD,ARN,ARN,
498482791,4694068,LNNHB,B738,NAX34AZ,DY4334,DBV,ARN,ARN,
498482881,4686701,LNRRX,B736,SAS006,SK6,ARN,LLA,LLA,
498482891,3958209,DAINA,A20N,DLH9JT,LH801,ARN,FRA,FRA,
498483000,4686016,LNRPK,B737,SAS7929,SK7929,ARN,JSI,JSI,
498483554,4901203,SERJS,B737,SAS571,SK571,ARN,CDG,CDG,
498483629,4701841,LNRGE,B738,SAS1832,SK1832,SPU,ARN,ARN,
498483717,7785895,9VSMG,A359,SIA361,SQ361,ARN,DME,DME,
498483912,5023328,EIFPF,CRJ9,SAS707,SK707,HEL,ARN,ARN,
498483926,5046486,LXLQB,DH4,LGL5788,LG5788,ARN,LUX,LUX,
498484369,3958601,DAIZI,A320,DLH5TT,LH802,FRA,ARN,ARN,
498484446,4691307,LNNIE,B738,NAX4350,DY4350,ZAG,ARN,ARN,
498484675,4687758,LNNIA,B738,NAX3YL,DY4323,ARN,NCE,NCE,
498485464,4222681,GFBXA,AT76,SAS749,SK749,TLL,ARN,ARN,
498485531,4735281,PHBXB,B738,KLM19M,KL1109,AMS,ARN,ARN,
498485588,5030518,TFISZ,752,ICE82B,FI308,KEF,ARN,ARN,
498485644,4701602,LNRGH,B738,SAS7882,SK7882,SZG,ARN,ARN,
498485757,4691186,LNNIG,B738,NAX4258,DY4258,BIO,ARN,ARN,
498486178,4218744,GECOO,DH8D,SAS79,SK79,ARN,VBY,VBY,
498486348,4901043,SERES,B737,SAS7854,SK7854,KVA,ARN,ARN,
498486305,4222832,GFBXC,AT76,SAS107,SK107,ARN,MMX,MMX,
498486273,4700701,LNRGN,A20N,SAS41K,SK1419,ARN,CPH,CPH,
498486490,4685947,LNTUF,B737,SAS1045,SK1045,KRN,ARN,ARN,
498486685,3951052,DABNL,A320,EWG4KL,EW7215,ARN,HAM,HAM,
498486841,5025740,EISIG,A20N,SZS9161,,ARN,CPH,CPH,
498486837,4805313,CS-TVA,A20N,TAP784,TP784,LIS,ARN,ARN,
498486918,4700938,LNRGL,A20N,SAS7844,SK7844,PMI,ARN,ARN,
498487169,5312755,ESACM,CRJ9,LOT454,LO454,ARN,WAW,WAW,
498487303,5023449,EIFPG,CRJ9,SAS98U,SK2548,MAN,ARN,ARN,
498487251,5023843,EIFPI,CRJ9,SAS061,SK61,OSD,ARN,ARN,
498487884,4805313,CSTVA,A20N,TAP784,TP784,LIS,ARN,ARN,
498488225,4693839,LNNHC,B738,NAX4154,DY4154,CPH,ARN,ARN,
498488211,5022548,EIFHD,B738,IBK6651,D86651,ARN,PMI,PMI,
498488689,4901348,SEROD,A20N,SAS7828,SK7828,CHQ,ARN,ARN,
498488886,4901346,SEROB,A20N,SAS7620,SK7620,AYT,ARN,ARN,
498488940,4222979,GFBXD,AT76,SAS2092,SK2092,ARN,OER,OER,
498489011,5023168,EIFHX,B738,IBK535Z,D85351,ARN,ALC,ALC,
498489220,4577640,OYVKH,A333,VKG1749,DK1749,PMI,ARN,ARN,
498489188,4914046,,,,,ARN,,,
498489386,131141,CNRNV,B737,RAM224R,AT224,CMN,ARN,ARN,
498489590,4686702,LNRRY,B736,SAS7604,SK7604,KVA,ARN,ARN,
498489570,5023931,EIFPP,CRJ9,SAS152,SK152,GOT,ARN,ARN,
498489648,4901345,SEROA,A20N,SAS2023,SK2023,UME,ARN,ARN,
498489875,5023865,EIFPM,CRJ9,SAS54D,SK590,BRU,ARN,ARN,
498490344,4693485,LNNHF,B738,NAX2ZY,DY4322,NCE,ARN,ARN,
498490585,4687776,LNNIB,B738,NAX2CP,DY4222,AGP,ARN,ARN,
498490613,3958277,DAIPE,A320,DLH2TN,LH2415,ARN,MUC,MUC,
498490617,4693735,LNNHE,B738,NAX2NJ,DY4252,BCN,ARN,ARN,
498490621,4887032,SEDOX,A20N,SAS7648,SK7648,LCA,ARN,ARN,
498490793,4691335,LNNIC,B738,NAX4284,DY4284,HEL,ARN,ARN,
498490752,4691315,LNNID,B738,NAX38K,DY4038,LLA,ARN,ARN,
498491130,4196533,GEUPU,A319,BAW777C,BA777,ARN,LHR,LHR,
498491297,4687513,LNRNU,B737,SAS7638,SK7638,SMI,ARN,ARN,
498491723,4700685,LNRGO,A20N,SAS83Y,SK1842,FCO,ARN,ARN,
498491805,4958505,TCJII,A343,THY73T,TK1794,ARN,IST,IST,
498491988,4901349,SEROE,A20N,SAS7612,SK7612,AOK,ARN,ARN,
498492079,5025684,EIFPW,CRJ9,SAS1013,SK1013,SFT,ARN,ARN,
498492501,4566096,OYKBP,A319,SAS1421,SK1421,ARN,CPH,CPH,
498493007,4901360,SEROP,A20N,SAS531,SK531,ARN,LHR,LHR,
498492903,4693312,LNNHG,B738,NAX38FY,DY4338,SPU,ARN,ARN,
498493235,4887034,SEDOZ,A20N,SAS1804,SK1804,AGP,ARN,ARN,
498494019,4901042,SERER,B737,SAS56Y,SK526,LHR,ARN,ARN,
498494017,4687795,LNNGD,B738,NAX812,DY812,OSL,ARN,ARN,
498494257,4687791,LNRGA,B738,SAS849,SK849,ARN,OSL,OSL,
498494263,7546178,EPIJB,A332,IRA713,IR713,ARN,,,
498494366,4737739,PHEZA,E190,KLM92V,KL1108,ARN,AMS,AMS,
498494735,4701883,LNRGC,B738,SAS7890,SK7890,CFU,ARN,ARN,
498494896,4686701,LNRRX,B736,SAS007,SK7,LLA,ARN,ARN,
498494930,5308469,EW100PJ,CR1,BRU855,B2855,MSQ,ARN,ARN,
498494994,4218744,GECOO,DH8D,SAS80,SK80,VBY,ARN,ARN,
498495028,5023473,EIDSU,A320,AZA8912,AZ8912,MXP,ARN,ARN,
498495690,3145928,IBIKD,A320,AZA8919,AZ8919,ARN,FCO,FCO,
498496561,5266516,OMGTB,B734,CSA6KG,OK490,PRG,ARN,ARN,
498496640,4851108,YRAMD,B735,BMS5TA,0B4047,TRN,ARN,ARN,
498496817,5024969,EIFPU,CRJ9,SAS92D,SK1768,PRG,ARN,ARN,
498496977,5022982,EIFHM,B738,IBK6091,D86091,ARN,MAD,MAD,
498497699,5054879,9HZAK,B733,MLT423,DB423,ARN,SVQ,SVQ,
498498257,4686728,LNRKK,A321,SAS2636,SK2636,FRA,ARN,ARN,
498498343,4700701,LNRGN,A20N,SAS42E,SK1420,CPH,ARN,ARN,
498498684,3417490,ECKJD,A320,VLG12GC,VY1265,BCN,ARN,ARN,
498499097,5023931,EIFPP,CRJ9,SAS2026,SK2026,ARN,UME,UME,
498499278,4901205,SERJU,B737,SAS7838,SK7838,SMI,ARN,ARN,
498499263,4685986,LNRPG,B736,SAS2740,SK2740,JMK,ARN,ARN,
498499606,5023328,EIFPF,CRJ9,SAS49C,SK557,ARN,AMS,AMS,
498500429,4222979,GFBXD,AT76,SAS2093,SK2093,OER,ARN,ARN,
498500804,3412691,ECHDS,B752,PVG7444,,ARN,BCN,BCN,
498501210,4901218,SERKB,A21N,NVR246,N9246,CHQ,ARN,ARN,
498501197,4196183,GOBYH,B763,TOM3611,BY3611,PMI,ARN,ARN,
498501290,3958351,DAIRO,A321,DLH3TP,LH2416,MUC,ARN,ARN,
498501612,4222832,GFBXC,AT76,SAS108,SK108,MMX,ARN,ARN,
498501665,5023018,EIFHV,B738,IBK1RG,D85551,ARN,BCN,BCN,
498501826,7867262,B5936,332,CES290,MU290,ARN,PVG,PVG,
498502437,4344094,VQBCM,A320,AFL2211,SU2211,ARN,SVO,SVO,
498502975,5312709,ESACF,CRJ7,LOT8123,LO8123,TLL,ARN,ARN,
498503109,4901080,SERFX,B738,BLX37E,6B394,RHO,ARN,ARN,
498503237,4691068,LNNIH,B738,NAX2VJ,DY4202,ALC,ARN,ARN,
498503911,5023053,EIFHW,B738,IBK1AJ,D81001,ARN,FCO,FCO,
498504071,4595509,OHLVH,A319,FIN1EB,AY809,HEL,ARN,ARN,
498504767,4921588,HBJLS,A320,SWR187F,LX1250,ZRH,ARN,ARN,
498505420,3753708,FGRXM,A319,AFR92QM,AF1263,ARN,CDG,CDG,
498505440,4958830,TCJSN,A321,THY57H,TK1795,IST,ARN,ARN,
498505989,3416198,ECISY,B752,VLG12FA,VY1264,ARN,BCN,BCN,
498506257,3958601,DAIZI,A320,DLH803,LH803,ARN,FRA,FRA,
498506298,4457365,OEIZO,A320,EZY362R,U25885,TXL,ARN,ARN,
498506397,4690886,LNNIJ,B738,NAX4328,DY4328,BIA,ARN,ARN,
498506446,4685947,LNTUF,B737,SAS157,SK157,ARN,GOT,GOT,
498506449,4566096,OYKBP,A319,SAS46F,SK1422,CPH,ARN,ARN,
498507914,4687791,LNRGA,B738,SAS868,SK868,OSL,ARN,ARN,
498508012,5024927,EIFPS,CRJ9,SAS99R,SK605,ARN,ZRH,ZRH,
498508404,4735281,PHBXB,B738,KLM20M,KL1110,ARN,AMS,AMS,
498508355,7546178,EPIJB,332,IRA712,IR712,ARN,IKA,IKA,
498508482,4691335,LNNIC,B738,NAX1RP,DY4241,ARN,LPA,LPA,
498508465,3146931,INDOF,B763,NOS619,NO6619,ARN,MXP,MXP,
498508534,4575335,OYTCG,A321,VKG1663,DK1663,CHQ,ARN,ARN,
498508582,4691315,LNNID,B738,NAX4393,DY4393,ARN,RHO,RHO,
498508694,4222748,GFBXB,AT76,SAS92P,SK4232,ARN,TKU,TKU,
498509237,4701428,LNRGI,73H,SAS58M,SK690,LIN,ARN,ARN,
498509330,4687795,LNNGD,B738,NAX813,DY813,ARN,OSL,OSL,
498509380,5024680,EIFYE,B38M,IBK204,D8204,HEL,ARN,ARN,
498509473,5025684,EIFPW,CRJ9,SAS708,SK708,ARN,HEL,HEL,
498509529,4458526,OELWB,E195,AUA33E,OS313,VIE,ARN,ARN,
498509705,5254249,YLBAF,DH8D,BTI1F7,BT107,RIX,ARN,ARN,
498509881,4691307,LNNIE,B738,NAX9PD,DY4139,ARN,BGO,BGO,
498510042,4693805,LNNHD,B738,NAX6RI,DY4366,VCE,ARN,ARN,
498510200,4701602,LNRGH,B738,SAS1423,SK1423,ARN,CPH,CPH,
498510333,5258529,LYLGC,B733,WLB5503,W75503,BEY,ARN,ARN,
498510497,4218744,GECOO,DH8D,SAS4224,SK4224,ARN,VAA,VAA,
498510686,3425303,ECLUL,A320,IBE2908,IB2908,MAD,ARN,ARN,
498510763,5023449,EIFPG,CRJ9,SAS1012,SK1012,ARN,SFT,SFT,
498510960,4901345,SEROA,A20N,SAS2903,SK2903,ARN,LIS,LIS,
498511712,5030512,TFISF,752,ICE83C,FI309,ARN,KEF,KEF,
498512268,5023931,EIFPP,CRJ9,SAS2027,SK2027,UME,ARN,ARN,
498512395,4700701,LNRGN,A20N,SAS9239,SK9239,ARN,CPH,CPH,
498513402,4704653,LNLNR,B789,NAX7087,DY7087,ARN,LAX,LAX,
498513954,5023865,EIFPM,CRJ9,SAS2659,SK2659,ARN,MUC,MUC,
498513970,4901203,SERJS,B737,SAS2572,SK2572,CDG,ARN,ARN,
498514163,5308469,EW100PJ,CRJ1,BRU856,B2856,ARN,MSQ,MSQ,
498514490,4694068,LNNHB,B738,NAX75Z,DY4275,ARN,FAO,FAO,
498514648,4887033,SEDOY,A20N,SAS7848,SK7848,JTR,ARN,ARN,
498514659,4949039,TCAAO,B738,PGT5601,PC5601,AYT,ARN,ARN,
498515944,4687758,LNNIA,B738,NAX24N,DY4324,NCE,ARN,ARN,
498516459,3958444,DAIUL,A320,DLH806,LH806,FRA,ARN,ARN,
498516489,4686701,LNRRX,B736,SAS732,SK732,ARN,LED,LED,
498517222,4914088,,,TR6,TR6,ARN,,,
498517476,4693839,LNNHC,B738,NAX3WE,DY4223,ARN,AGP,AGP,
498517461,4951570,TCCPR,B738,PGT6EF,PC1280,ARN,SAW,SAW,
498517560,4901043,SERES,B737,SAS2541,SK2541,ARN,EDI,EDI,
498517707,4687956,LNRKS,A333,SAS903,SK903,ARN,EWR,EWR,
498517907,5030518,TFISZ,752,ICE307,FI307,ARN,KEF,KEF,
498518138,3416594,ECJFX,A346,IBE2887,IB2887,ARN,MAD,MAD,
498518418,4914033,,,,,ARN,,,
498518638,434353,A7BCM,B788,QTR171,QR171,DOH,ARN,ARN,
498518755,5024969,EIFPU,CRJ9,SAS2677,SK2677,ARN,TXL,TXL,
498518885,4686016,LNRPK,B737,SAS7930,SK7930,JSI,ARN,ARN,
498519063,4196039,GBZHB,B763,BAW780F,BA780,LHR,ARN,ARN,
498519549,4691186,LNNIG,B738,NAX8922,DY8922,ARN,GOT,GOT,
498519916,4595509,OHLVH,A319,FIN8LF,AY810,ARN,HEL,HEL,
498520140,8933746,HSTKR,77W,THA961,TG961,ARN,BKK,BKK,
498521526,4693312,LNNHG,B738,NAX4401,DY4401,ARN,LCA,LCA,
498521613,5266516,OMGTB,B734,CSA7KG,OK491,ARN,PRG,PRG,
498521647,4701841,LNRGE,B738,SAS1833,SK1833,ARN,ATH,ATH,
498521599,4735370,PHBXO,B739,KLM1115,KL1115,AMS,ARN,ARN,
498522551,5312709,ESACF,CRJ7,LOT8124,LO8124,ARN,TLL,TLL,
498523308,3416208,ECILR,A320,IBE33VA,IB3315,ARN,MAD,MAD,
498524370,5023328,EIFPF,CRJ9,SAS48P,SK558,AMS,ARN,ARN,
498524754,4901360,SEROP,A20N,SAS532,SK532,LHR,ARN,ARN,
498525483,4686702,LNRRY,B736,SAS012,SK12,ARN,LLA,LLA,
498525596,4689218,LNRKR,A333,SAS963,SK963,ARN,HKG,HKG,
498526319,9003388,A6EGD,B77W,UAE158,EK158,ARN,DXB,DXB,
498526559,5024680,EIFYE,B38M,IBK205,D8205,ARN,HEL,HEL,
498526946,4595613,OHLZH,A321,FIN7YB,AY813,HEL,ARN,ARN,
498527035,5023449,EIFPG,CRJ9,SAS1011,SK1011,SFT,ARN,ARN,
498527265,5025684,EIFPW,CRJ9,SAS709,SK709,HEL,ARN,ARN,
498527470,5024046,EIFHP,B738,IBK5KM,D85552,BCN,ARN,ARN,
498527843,4689868,LNLNL,B789,NAX7035,DY7035,ARN,FLL,FLL,
498528145,4700685,LNRGO,A20N,SAS35K,SK1853,ARN,ALC,ALC,
498528248,4686728,LNRKK,A321,SAS82L,SK1407,ARN,CPH,CPH,
498528515,4687791,LNRGA,B738,SAS2847,SK2847,ARN,FAO,FAO,
498528973,4895445,SELVU,BE20,,,ARN,,,
498528919,5023361,EIFVY,B738,IBK5CF,D86652,PMI,ARN,ARN,
498529088,4901042,SERER,B737,SAS161,SK161,ARN,GOT,GOT,
498529181,4701602,LNRGH,B738,SAS1424,SK1424,CPH,ARN,ARN,
498529518,4914041,,,,,ARN,,,
498529729,4457365,OEIZO,A320,EZY32BU,U25886,ARN,TXL,TXL,
498530325,4687513,LNRNU,B737,SAS867,SK867,ARN,OSL,OSL,
498530686,4914088,,,,,ARN,,,
498530626,4691307,LNNIE,B738,NAX40Z,DY4140,BGO,ARN,ARN,
498531148,5276167,URPSD,738,AUI172,PS172,ARN,KBP,KBP,
498532503,4700938,LNRGL,A20N,SAS1809,SK1809,ARN,PMI,PMI,
498532545,4851108,YRAMD,B735,BMS4048,0B4048,ARN,TRN,TRN,
498532663,3958324,DAIQT,A320,DLH4LA,LH2418,MUC,ARN,ARN,
498533393,3958351,DAIRO,A321,DLH2KW,LH2417,ARN,MUC,MUC,
498533686,4701883,LNRGC,B738,SAS7921,SK7921,ARN,LCA,LCA,
498534310,4693485,LNNHF,B738,NAX95N,DY4395,ARN,CHQ,CHQ,
498534997,4951538,TCCOR,738,CAI6BR,XC685,AYT,ARN,ARN,
498536003,4566096,OYKBP,A319,SAS1825,SK1825,ARN,SPU,SPU,
498536394,4686701,LNRRX,B736,SAS733,SK733,LED,ARN,ARN,
498536551,3958434,DAIUB,A320,DLH804,LH804,FRA,ARN,ARN,
498536563,5254249,YLBAF,DH8D,BTI1F8,BT108,ARN,RIX,RIX,
498536885,4685947,LNTUF,B737,SAS162,SK162,GOT,ARN,ARN,
498537072,4921957,HBJZX,A320,EZS62QB,U21145,BSL,ARN,ARN,
498537019,4901347,SEROC,A20N,SAS2064,SK2064,ARN,OSD,OSD,
498537328,4921588,HBJLS,A320,SWR122F,LX1251,ARN,ZRH,ZRH,
498538887,4693735,LNNHE,B738,NAX3KA,DY4383,ARN,ATH,ATH,
498538979,4805313,CSTVA,A20N,TAP783,TP783,ARN,LIS,LIS,
498539120,3145928,IBIKD,A320,AZA8918,AZ8918,FCO,ARN,ARN,
498539829,5023473,EIDSU,A320,AZA8913,AZ8913,ARN,FCO,NAP,
498539955,4901346,SEROB,A20N,SAS7917,SK7917,ARN,EFL,EFL,
498540079,4687776,LNNIB,B738,NAX4363,DY4363,ARN,PMO,PMO,
498540058,3417490,ECKJD,A320,VLG12HE,VY1266,ARN,BCN,BCN,
498540941,5024927,EIFPS,CRJ9,SAS54A,SK606,ZRH,ARN,ARN,
498542401,4901348,SEROD,A20N,SAS7687,SK7687,ARN,SPU,SPU,
498542700,5023865,EIFPM,CRJ9,SAS2660,SK2660,MUC,ARN,ARN,
498542799,5024969,EIFPU,CRJ9,SAS2678,SK2678,TXL,ARN,ARN,
498543455,4686702,LNRRY,B736,SAS013,SK13,LLA,ARN,ARN,
498543547,4921017,HBIPT,A319,SWR117K,LX1254,ZRH,ARN,ARN,
498543920,4690886,LNNIJ,B738,NAX4561,DY4561,ARN,BOJ,BOJ,
498543895,4887034,SEDOZ,A20N,SAS7615,SK7615,ARN,PVK,PVK,
498544027,131141,CNRNV,B737,RAM225R,AT225,ARN,CMN,CMN,
498544544,4887032,SEDOX,A20N,SAS67W,SK1827,ARN,NCE,NCE,
498545495,3772896,FHEPA,A320,AFR106B,AF1062,CDG,ARN,ARN,
498546150,4701428,LNRGI,B738,SAS1845,SK1845,ARN,MLA,MLA,
498546316,4595613,OHLZH,A321,FIN4AW,AY814,ARN,HEL,HEL,
498546363,4687513,LNRNU,B737,SAS55C,SK882,OSL,ARN,ARN,
498546564,5025684,EIFPW,CRJ9,SAS109,SK109,ARN,MMX,MMX,
498546719,4685986,LNRPG,B736,SAS7613,SK7613,ARN,EFL,EFL,
498547387,4901205,SERJU,B737,SAS93K,SK1527,ARN,LHR,LHR,
498547544,4702658,LNRKU,A333,SAS945,SK945,ARN,ORD,ORD,
498547767,4901203,SERJS,B737,SAS673,SK673,ARN,FRA,FRA,
498547941,4344047,VQBAX,A320,AFL2386,SU2386,SVO,ARN,ARN,
498547930,4687512,LNRNW,B737,SAS63D,SK1823,ARN,SKG,SKG,
498548034,5312755,ESACM,CRJ9,LOT4CE,LO457,WAW,ARN,ARN,
498548013,4901043,SERES,B737,SAS2542,SK2542,EDI,ARN,ARN,
498548216,4693805,LNNHD,B738,NAX61W,DY4361,ARN,OLB,OLB,
498548386,4901349,SEROE,A20N,SAS2565,SK2565,ARN,DUB,DUB,
498551391,4566062,OYKAN,A320,SAS38M,SK1408,CPH,ARN,ARN,
498551640,5254248,YLBAE,DH8D,BTI1X9,BT109,RIX,ARN,ARN,
498551745,4735370,PHBXO,B739,KLM82W,KL1116,ARN,AMS,AMS,
498551736,4458526,OELWB,E195,AUA314K,OS314,ARN,VIE,VIE,
498552465,3958444,DAIUL,A320,DLH9MA,LH807,ARN,FRA,FRA,
498552643,4691068,LNNIH,B738,NAX69L,DY4369,ARN,PSA,PSA,
498553089,5023328,EIFPF,CRJ9,SAS885,SK885,ARN,OSL,OSL,
498553305,4901347,SEROC,A20N,SAS2065,SK2065,OSD,ARN,ARN,
498554011,4685947,LNTUF,B737,SAS1555,SK1555,ARN,AMS,AMS,
498554839,4958830,TCJSN,A321,THY4RU,TK1796,ARN,IST,IST,
498555058,4738941,PHEZU,E190,KLM71H,KL1117,AMS,ARN,ARN,
498556048,4901345,SEROA,A20N,SAS2904,SK2904,LIS,ARN,ARN,
498556743,4196039,GBZHB,B763,BAW781C,BA781,ARN,LHR,LHR,
498557492,4882783,SEDSY,RJ1H,SCW182M,,ARN,MMX,MMX,
498557747,4901218,SERKB,A21N,NVR641,N9641,ARN,SPU,SPU,
498558221,4901080,SERFX,B738,BLX689,6B689,ARN,AYT,AYT,
498558468,4958914,TCJVB,B738,THY1791,TK1791,IST,ARN,ARN,
498558669,4577640,OYVKH,A333,VKG512,DK512,ARN,AYT,AYT,
498559256,4687758,LNNIA,B738,NAX343E,DY4343,ARN,SJJ,SJJ,
498560050,4901360,SEROP,A20N,SAS37L,SK577,ARN,CDG,CDG,
498560134,4222832,GFBXC,AT76,SAS85,SK85,ARN,VBY,VBY,
498560790,3425303,ECLUL,A320,IBE2909,IB2909,ARN,MAD,MAD,
498561149,5025684,EIFPW,CRJ9,SAS110,SK110,MMX,ARN,ARN,
498561364,4575335,OYTCG,A321,VKG1688,DK1688,ARN,PMI,PMI,
498562458,4686702,LNRRY,B736,SAS074,SK74,ARN,OSD,OSD,
498562567,4686701,LNRRX,B736,SAS86K,SK20,ARN,LLA,LLA,
498562822,4691307,LNNIE,B738,NAX4341,DY4341,ARN,BEG,BEG,
498563289,4691315,LNNID,B738,NAX4394,DY4394,RHO,ARN,ARN,
498564006,4701602,LNRGH,B738,SAS026,SK26,ARN,UME,UME,
498564092,5023360,EIFVZ,B738,IBK6ED,D82856,LGW,ARN,ARN,
498565559,4949039,TCAAO,B738,PGT5602,PC5602,ARN,AYT,AYT,
498565860,3958434,DAIUB,A320,DLH805,LH805,ARN,FRA,FRA,
498566538,7866639,B5906,A333,CCA912,CA912,ARN,PEK,PEK,
498567003,4694068,LNNHB,B738,NAX6MJ,DY4276,FAO,ARN,ARN,
498567263,5023843,EIFPI,CRJ9,SAS722,SK722,ARN,HEL,HEL,
498567738,4693839,LNNHC,B738,NAX24J,DY4224,AGP,ARN,ARN,
498568140,3958324,DAIQT,A320,DLH7CJ,LH2419,ARN,MUC,MUC,
498568509,4566062,OYKAN,A320,SAS39C,SK1409,ARN,CPH,CPH,
498568656,4595513,OHLVL,A319,FIN5LA,AY819,HEL,ARN,ARN,
498568850,5258529,LYLGC,B733,WLB5504,W75504,ARN,BEY,BEY,
498570727,4701841,LNRGE,B738,SAS1834,SK1834,ATH,ARN,ARN,
498570839,5276274,URGBA,B733,AUI173,PS173,KBP,ARN,ARN,
498570928,5312755,ESACM,CRJ9,LOT4MB,LO458,ARN,WAW,WAW,
498571510,4687513,LNRNU,B737,SAS7841,SK7841,ARN,SPU,SPU,
498571428,7866326,B6538,A332,CES289,MU289,PVG,ARN,ARN,
498572760,5254248,YLBAE,DH8D,BTI11X,BT110,ARN,RIX,RIX,
498573124,262440,ETATL,B788,ETH715,ET715,OSL,ARN,ARN,
498573613,5024046,EIFHP,B738,IBK5EN,D85555,ARN,BCN,BCN,
498573854,4921017,HBIPT,A319,SWR122W,LX1255,ARN,ZRH,ZRH,
498574444,4693312,LNNHG,B738,NAX4402,DY4402,LCA,ARN,ARN,
498574458,4901203,SERJS,B737,SAS674,SK674,FRA,ARN,ARN,
498574642,4921957,HBJZX,A320,EZS53ZH,U21146,ARN,BSL,BSL,
498574761,4196356,GEUPD,A319,BAW786F,BA786,LHR,ARN,ARN,
498575014,3772896,FHEPA,A320,AFR64LK,AF1063,ARN,CDG,CDG,
498575507,4566096,OYKBP,A319,SAS1826,SK1826,SPU,ARN,ARN,
498575856,5023361,EIFVY,B738,IBK6BU,D86653,ARN,PMI,PMI,
498576018,3753189,FGRHF,A319,AFR146Q,AF1462,CDG,ARN,ARN,
498576587,4344047,VQBAX,A320,AFL2387,SU2387,ARN,SVO,SVO,
498577412,4691335,LNNIC,B738,NAX2CV,DY4242,LPA,ARN,ARN,
498577684,4701883,LNRGC,B738,SAS7922,SK7922,LCA,ARN,ARN,
498578144,4685947,LNTUF,B737,SAS1556,SK1556,AMS,ARN,ARN,
498578418,8933752,HSTKX,773,THA960,TG960,BKK,ARN,ARN,
498578606,4738941,PHEZU,E190,KLM1118,KL1118,ARN,AMS,AMS,
498578700,4901349,SEROE,A20N,SAS2566,SK2566,DUB,ARN,ARN,
498578752,4690886,LNNIJ,B738,NAX4562,DY4562,BOJ,ARN,ARN,
498578912,5312721,ESACH,CRJ9,LOT455,LO455,WAW,ARN,ARN,
498578943,4887032,SEDOX,A20N,SAS80D,SK1828,NCE,ARN,ARN,
498579081,4687791,LNRGA,B738,SAS2848,SK2848,FAO,ARN,ARN,
498579860,5258412,LYSPF,A320,LLC1062,S51062,TIA,ARN,ARN,
498580197,4700938,LNRGL,A20N,SAS1810,SK1810,PMI,ARN,ARN,
498580317,4700685,LNRGO,A20N,SAS36K,SK1854,ALC,ARN,ARN,
498580701,4901348,SEROD,A20N,SAS7688,SK7688,SPU,ARN,ARN,
498580940,4595513,OHLVL,A319,FIN820,AY820,ARN,HEL,HEL,
498581439,4693485,LNNHF,B738,NAX96G,DY4396,CHQ,ARN,ARN,
498581828,4951538,TCCOR,B738,CAI7P,XC686,ARN,AYT,AYT,
498581987,3958285,DAIPM,A320,DLH7LM,LH2420,MUC,ARN,ARN,
498582190,3145928,IBIKD,A320,AZA129,AZ129,ARN,LIN,LIN,
498582541,4739038,PHBCD,B738,KLM17C,KL1121,AMS,ARN,ARN,
498582642,4693735,LNNHE,B738,NAX84AB,DY4384,ATH,ARN,ARN,
498583016,4901346,SEROB,A20N,SAS7918,SK7918,EFL,ARN,ARN,
498583780,4691068,LNNIH,B738,NAX37W,DY4370,PSA,ARN,ARN,
498584222,4458536,OELWL,E195,AUA317D,OS317,VIE,ARN,ARN,
498584523,4687512,LNRNW,B737,SAS1824,SK1824,SKG,ARN,ARN,
498585112,4887034,SEDOZ,A20N,SAS7616,SK7616,PVK,ARN,ARN,
498585734,4687776,LNNIB,B738,NAX364H,DY4364,PMO,ARN,ARN,
498586056,4701428,LNRGI,B738,SAS1846,SK1846,MLA,ARN,ARN,
498586607,4700792,LNRGM,A20N,SAS1410,SK1410,CPH,ARN,ARN,
498587025,4693805,LNNHD,B738,NAX2ML,DY4362,OLB,ARN,ARN,
498587759,4901360,SEROP,A20N,SAS38P,SK578,CDG,ARN,ARN,
498588943,262440,ETATL,B788,ETH715,ET715,ARN,ADD,ADD,
498589181,5023360,EIFVZ,B738,IBK9LT,D82859,ARN,LGW,LGW,
498590260,4687758,LNNIA,B738,NAX4MX,DY4344,SJJ,ARN,ARN,
498591121,3958297,DAIPY,A320,DLH6VP,LH808,FRA,ARN,ARN,
498591637,4691307,LNNIE,B738,NAX4342,DY4342,BEG,ARN,ARN,
498592920,5254325,YLPSC,B738,PRW772,6F772,PMI,ARN,ARN,
498594015,4901218,SERKB,A21N,NVR642,N9642,SPU,ARN,ARN,
498594459,5312721,ESACH,CRJ9,LOT8120,LO8120,ARN,TLL,TLL,
498594792,434353,A7BCM,B788,QTR172,QR172,ARN,DOH,DOH,
498597061,4575335,OYTCG,A321,VKG1689,DK1689,PMI,ARN,ARN,
498598764,4691315,LNNID,B738,NAX4403,DY4403,ARN,HER,HER,
498599779,10528990,N14106,B752,UAL68,UA68,EWR,ARN,ARN,
498599824,4901080,SERFX,B738,BLX690,6B690,AYT,ARN,ARN,
498601908,4687885,LNRKT,A333,SAS940,SK940,LAX,ARN,ARN,
498602055,4687513,LNRNU,B737,SAS7842,SK7842,SPU,ARN,ARN,
498602234,262215,ETAOQ,788,ETH714,ET714,ADD,ARN,ARN,
498602771,4577640,OYVKH,A333,VKG513,DK513,AYT,ARN,ARN,
498608751,4687956,LNRKS,A333,SAS904,SK904,EWR,ARN,ARN,
498609588,4702321,LNRGB,B738,SAS9028,SK9028,GOT,ARN,ARN,
498612286,4805313,CSTVA,A20N,TAP782W,TP782,LIS,ARN,ARN,
